id,ra,dec,f606w
0000512,265.177514,-53.679805,15.4897 
0000537,265.176449,-53.679244,16.3768 
0000538,265.176243,-53.679227,16.7952 
0000541,265.180364,-53.679146,16.2903 
0000545,265.174344,-53.679111,16.4113 
0000547,265.172904,-53.67907,16.6581 
0000553,265.177704,-53.678934,16.777 
0000556,265.174971,-53.678707,15.893 
0000558,265.182619,-53.678672,14.1072 
0000563,265.180533,-53.678623,16.5392 
0000565,265.182468,-53.678591,16.0556 
0000568,265.177548,-53.678549,13.5615 
0000569,265.173786,-53.678535,15.1997 
0000570,265.175906,-53.678425,16.0538 
0000572,265.171457,-53.678417,16.0887 
0000579,265.176392,-53.678242,15.5459 
0000585,265.170093,-53.678169,16.1946 
0000587,265.174568,-53.678132,16.4496 
0000588,265.175532,-53.678126,16.3727 
0000594,265.183897,-53.678007,15.3434 
0000596,265.169611,-53.677944,15.9618 
0000597,265.175789,-53.67794,15.586 
0000601,265.173413,-53.677797,14.7863 
0000603,265.166275,-53.677743,12.7732 
0000608,265.170951,-53.677605,16.7005 
0000611,265.175094,-53.677569,16.1797 
0000613,265.179498,-53.677437,15.2965 
0000614,265.173681,-53.677396,15.7605 
0000616,265.171551,-53.677352,16.7 
0000617,265.181497,-53.677121,16.3176 
0000626,265.172371,-53.677035,16.6773 
0000627,265.17511,-53.67702,16.4022 
0000628,265.16989,-53.677023,16.7586 
0000629,265.175945,-53.677003,16.5958 
0000631,265.186052,-53.676949,16.579 
0000634,265.17403,-53.676914,16.3407 
0000635,265.170724,-53.676867,15.8615 
0000636,265.171578,-53.676822,16.3925 
0000639,265.181579,-53.676791,14.5135 
0000640,265.17889,-53.676765,16.5482 
0000642,265.168891,-53.676758,16.1661 
0000643,265.185323,-53.676713,16.7469 
0000645,265.181126,-53.67668,12.4816 
0000646,265.16714,-53.676669,16.6244 
0000648,265.170825,-53.676606,16.3657 
0000653,265.17802,-53.676507,14.3627 
0000654,265.175011,-53.676473,16.2526 
0000656,265.175142,-53.67641,16.4946 
0000657,265.175781,-53.676398,16.1553 
0000658,265.175012,-53.676393,16.5566 
0000662,265.168414,-53.676345,16.4496 
0000664,265.180814,-53.676274,13.7637 
0000669,265.180565,-53.676207,16.7235 
0000670,265.172083,-53.676207,15.873 
0000671,265.167623,-53.676174,16.1422 
0000676,265.169582,-53.676088,16.6781 
0000677,265.177453,-53.67608,16.5445 
0000679,265.170493,-53.676049,16.0946 
0000680,265.17375,-53.675993,15.711 
0000682,265.166552,-53.675921,16.6076 
0000683,265.168906,-53.675895,16.2962 
0000685,265.180766,-53.675886,16.8064 
0000688,265.176787,-53.67585,16.3883 
0000694,265.164465,-53.675752,16.7363 
0000696,265.187292,-53.675698,16.6618 
0000698,265.167861,-53.675668,13.8001 
0000699,265.184439,-53.675658,15.1762 
0000700,265.177389,-53.675664,14.4922 
0000705,265.176432,-53.675498,14.4567 
0000708,265.167333,-53.675471,15.1061 
0000709,265.181939,-53.675432,16.7 
0000710,265.172802,-53.675432,16.0356 
0000711,265.176839,-53.675424,16.5061 
0000712,265.174562,-53.675332,15.4587 
0000713,265.167983,-53.67532,16.7676 
0000714,265.174192,-53.675316,17.1495 
0000718,265.185186,-53.675256,14.2939 
0000720,265.171181,-53.675245,16.4887 
0000726,265.177714,-53.675144,16.1924 
0000727,265.172363,-53.675152,16.7138 
0000728,265.173014,-53.675118,16.2373 
0000729,265.17444,-53.675056,16.4239 
0000730,265.176807,-53.675044,15.159 
0000731,265.17876,-53.674997,16.6292 
0000732,265.163414,-53.675012,-99.9999 
0000733,265.169919,-53.674965,12.1923 
0000735,265.176536,-53.674921,16.4644 
0000736,265.169414,-53.674893,16.752 
0000738,265.173126,-53.674854,16.7844 
0000739,265.176619,-53.67483,16.4055 
0000740,265.175204,-53.674828,16.7837 
0000741,265.174031,-53.674812,16.5597 
0000744,265.177377,-53.674767,16.2341 
0000746,265.17569,-53.674703,16.3307 
0000747,265.172951,-53.674703,16.16 
0000749,265.175834,-53.67468,14.5142 
0000751,265.169779,-53.674632,14.192 
0000752,265.176643,-53.674616,16.144 
0000753,265.174944,-53.674617,15.8666 
0000756,265.179291,-53.674567,16.2281 
0000757,265.172606,-53.674546,15.2033 
0000758,265.170361,-53.674545,16.6667 
0000759,265.176188,-53.674536,16.7776 
0000760,265.173373,-53.674517,16.742 
0000762,265.17636,-53.674506,16.3184 
0000764,265.176916,-53.67449,16.1755 
0000765,265.163269,-53.67447,14.6733 
0000767,265.18182,-53.674438,15.6536 
0000768,265.177578,-53.67442,16.2573 
0000769,265.18265,-53.674416,16.6186 
0000775,265.180735,-53.674339,15.6767 
0000776,265.175793,-53.674335,16.0403 
0000777,265.175595,-53.674334,16.6193 
0000780,265.182206,-53.674321,16.4537 
0000781,265.177598,-53.674305,15.9794 
0000782,265.172702,-53.674297,16.592 
0000783,265.178209,-53.674282,16.7528 
0000785,265.180226,-53.674243,16.4475 
0000786,265.178526,-53.674214,16.6242 
0000787,265.173649,-53.674209,12.8672 
0000788,265.180759,-53.674196,16.5982 
0000789,265.18369,-53.674182,15.8561 
0000790,265.171208,-53.674181,16.4476 
0000792,265.185586,-53.674127,16.6131 
0000793,265.175249,-53.674128,14.2757 
0000794,265.173083,-53.674103,14.3763 
0000795,265.168121,-53.674104,14.829 
0000803,265.169237,-53.674024,16.4278 
0000804,265.163517,-53.674028,16.1977 
0000805,265.181292,-53.673998,13.6092 
0000806,265.173862,-53.67398,16.5906 
0000808,265.179106,-53.673966,15.404 
0000809,265.176596,-53.673925,16.779 
0000810,265.187211,-53.673918,16.1255 
0000811,265.178752,-53.673895,15.946 
0000812,265.176453,-53.673867,15.8292 
0000813,265.173721,-53.673811,16.3032 
0000816,265.17264,-53.673782,16.2568 
0000817,265.17504,-53.673761,14.4846 
0000818,265.185804,-53.673732,15.8642 
0000820,265.171429,-53.673703,16.046 
0000823,265.164707,-53.673652,15.2179 
0000824,265.166539,-53.673592,13.3107 
0000826,265.171824,-53.673581,13.6996 
0000831,265.184794,-53.673502,16.5776 
0000833,265.177114,-53.67347,16.4759 
0000836,265.165226,-53.673403,16.5861 
0000840,265.187807,-53.673315,16.6542 
0000841,265.174101,-53.673326,13.2572 
0000842,265.173297,-53.673298,15.659 
0000843,265.172611,-53.673271,15.8184 
0000845,265.176956,-53.673224,16.3241 
0000846,265.164549,-53.67321,15.9927 
0000848,265.175897,-53.673174,16.6096 
0000849,265.162905,-53.673173,16.4409 
0000852,265.174675,-53.673128,14.4915 
0000855,265.168008,-53.6731,16.7073 
0000859,265.17065,-53.672979,16.8 
0000860,265.176314,-53.672896,16.6293 
0000861,265.167582,-53.672902,16.654 
0000862,265.163991,-53.672893,15.8686 
0000867,265.177008,-53.672732,15.6666 
0000869,265.171625,-53.672694,15.0448 
0000872,265.178613,-53.672648,16.207 
0000875,265.173272,-53.672464,13.7372 
0000876,265.16378,-53.67243,16.5629 
0000877,265.163231,-53.672389,16.6053 
0000879,265.178801,-53.672284,16.3932 
0000881,265.175781,-53.672276,15.1733 
0000882,265.170591,-53.672259,16.4419 
0000884,265.175547,-53.67225,16.6644 
0000886,265.176009,-53.672249,14.9117 
0000887,265.171566,-53.672231,14.2995 
0000888,265.176146,-53.672218,16.3893 
0000889,265.174929,-53.672215,16.6331 
0000890,265.184348,-53.672195,16.7038 
0000891,265.18097,-53.672149,-99.9999 
0000893,265.164485,-53.672114,15.5407 
0000894,265.175783,-53.672108,21.4223 
0000895,265.184713,-53.672033,16.7917 
0000898,265.179603,-53.67195,16.1199 
0000899,265.16686,-53.671907,16.1903 
0000902,265.165555,-53.671832,13.557 
0000903,265.164703,-53.671811,16.54 
0000905,265.179777,-53.671756,15.5592 
0000911,265.169158,-53.671467,15.7099 
0000912,265.163405,-53.671413,16.49 
0000914,265.164571,-53.6714,16.7935 
0000915,265.168165,-53.671359,16.3798 
0000921,265.183378,-53.671261,14.9304 
0000923,265.180397,-53.671236,16.4524 
0000924,265.186033,-53.671226,16.5608 
0000926,265.173486,-53.671173,15.8893 
0000927,265.177086,-53.671168,16.4285 
0000928,265.176276,-53.671154,15.754 
0000933,265.182055,-53.671019,16.7336 
0000934,265.1633,-53.671023,15.4462 
0000938,265.178472,-53.670949,16.1514 
0000939,265.166494,-53.670938,13.2678 
0000940,265.177631,-53.670785,16.2635 
0000941,265.16961,-53.67077,16.7546 
0000945,265.175652,-53.670627,16.4977 
0000948,265.163502,-53.670606,15.693 
0000950,265.173303,-53.670577,28.115 
0000954,265.16947,-53.670507,13.3448 
0000957,265.177634,-53.670497,15.8935 
0000958,265.162836,-53.670482,16.6108 
0000961,265.171703,-53.670448,13.4389 
0000962,265.170593,-53.670424,16.7785 
0000965,265.181525,-53.670375,15.7808 
0000966,265.17711,-53.670377,16.4772 
0000967,265.171592,-53.67037,-99.9999 
0000973,265.162537,-53.670148,12.9531 
0000974,265.17392,-53.67012,16.4697 
0000976,265.162678,-53.670059,16.8423 
0000979,265.17927,-53.670051,15.1819 
0000982,265.179436,-53.670007,15.7989 
0000985,265.175344,-53.669959,16.3686 
0000987,265.162838,-53.669936,15.0988 
0000989,265.176927,-53.669934,13.5322 
0000993,265.186125,-53.66985,16.2455 
0000994,265.18217,-53.669839,14.8711 
0000995,265.183021,-53.669777,-99.9999 
0001002,265.181199,-53.6696,16.1268 
0001004,265.184687,-53.669563,16.0442 
0001007,265.169469,-53.669521,16.5057 
0001016,265.183426,-53.669342,14.0273 
0001017,265.175629,-53.669338,15.2419 
0001019,265.179835,-53.669306,14.2623 
0001021,265.168253,-53.669224,16.4637 
0001023,265.170091,-53.669093,16.0151 
0001026,265.177677,-53.669025,16.6288 
0001028,265.187686,-53.668947,13.6749 
0001029,265.175963,-53.668869,16.762 
0001031,265.171345,-53.668798,16.3792 
0001032,265.170501,-53.66876,-99.9999 
0001038,265.183405,-53.668609,13.1899 
0001040,265.179292,-53.668581,16.2505 
0001045,265.180252,-53.668315,15.9469 
0001047,265.179743,-53.668289,15.7783 
0001052,265.180256,-53.668165,13.0702 
0001055,265.169017,-53.668015,15.9771 
0001056,265.164457,-53.667994,-99.9999 
0001059,265.167015,-53.667968,15.8431 
0001061,265.178717,-53.667909,16.6927 
0001064,265.1834,-53.667884,16.3888 
0001068,265.171358,-53.667701,16.635 
0001069,265.184102,-53.667689,16.0498 
0001078,265.165827,-53.66747,16.4174 
0001081,265.181515,-53.667328,16.6346 
0001084,265.183516,-53.667175,16.2344 
0001085,265.181727,-53.667174,16.64 
0001091,265.16667,-53.666947,16.6065 
0001094,265.180561,-53.666908,16.762 
0001096,265.169528,-53.666883,13.6162 
0001099,265.173226,-53.666822,15.6238 
0001100,265.180583,-53.666771,15.8449 
0001108,265.18112,-53.666528,16.4731 
0001110,265.181013,-53.666421,15.8983 
0001119,265.184397,-53.66607,16.5717 
0001123,265.177167,-53.665876,16.654 
0001126,265.176632,-53.665803,16.595 
0001129,265.17363,-53.665774,13.6579 
0001134,265.179985,-53.665629,16.5692 
0001141,265.179701,-53.66546,16.1837 
0001146,265.174502,-53.665325,16.1688 
0001160,265.171217,-53.664898,16.2701 
0001162,265.173494,-53.664835,15.4798 
0001166,265.175928,-53.66468,12.7302 
0001168,265.173972,-53.664644,16.7138 
0001181,265.175969,-53.664384,15.9707 
0006944,265.18102,-53.679178,18.911 
0006946,265.180504,-53.679423,17.5428 
0006949,265.179903,-53.679148,18.3445 
0006950,265.17983,-53.679185,17.6291 
0006951,265.179593,-53.679102,17.7257 
0006952,265.179453,-53.679569,17.3306 
0006953,265.178887,-53.679249,19.2865 
0006955,265.181008,-53.679122,21.1126 
0006958,265.18058,-53.679147,20.0162 
0006959,265.18027,-53.679268,20.662 
0006960,265.180031,-53.679145,19.3805 
0007060,265.173928,-53.679271,17.0775 
0007061,265.173663,-53.679119,16.9689 
0007063,265.173419,-53.679124,17.2872 
0007064,265.173183,-53.679811,18.0835 
0007067,265.172853,-53.679354,18.0569 
0007068,265.172553,-53.679302,18.5281 
0007071,265.17423,-53.67915,19.9732 
0007072,265.174099,-53.679507,22.2738 
0007073,265.172493,-53.679325,20.3659 
0007085,265.178513,-53.679213,18.5169 
0007086,265.178036,-53.679813,18.7641 
0007087,265.177736,-53.67979,17.1301 
0007089,265.176816,-53.67947,16.8934 
0007090,265.176804,-53.679706,17.8474 
0007091,265.176682,-53.679375,16.9775 
0007094,265.178025,-53.679179,20.4623 
0007096,265.177624,-53.679158,21.4574 
0007098,265.177055,-53.679619,20.8439 
0007099,265.17737,-53.67957,23.9607 
0007100,265.171686,-53.679514,17.2296 
0007102,265.170237,-53.679181,17.7239 
0007103,265.170104,-53.679228,17.2948 
0007106,265.171472,-53.67953,21.6015 
0007107,265.17122,-53.67941,21.1698 
0007110,265.17514,-53.67958,18.4315 
0007111,265.174927,-53.679599,18.5796 
0007112,265.175995,-53.679932,23.1884 
0007113,265.175771,-53.679684,21.2639 
0007114,265.175545,-53.679288,20.5207 
0007117,265.174841,-53.679313,21.6545 
0007470,265.180736,-53.678169,18.5232 
0007471,265.180722,-53.67791,18.0673 
0007472,265.179998,-53.679015,17.4788 
0007473,265.179849,-53.678541,17.1431 
0007474,265.179276,-53.677781,17.9609 
0007475,265.18041,-53.678345,20.6366 
0007476,265.179737,-53.678277,19.004 
0007477,265.179429,-53.678704,21.688 
0007478,265.17928,-53.677886,21.245 
0007482,265.179763,-53.678305,20.1715 
0007489,265.174056,-53.678679,17.0738 
0007490,265.173716,-53.678287,18.787 
0007491,265.173663,-53.67904,18.9887 
0007492,265.173495,-53.678697,17.0405 
0007493,265.173161,-53.678922,26.1591 
0007494,265.173017,-53.678201,18.4552 
0007495,265.172945,-53.678941,17.5789 
0007496,265.172945,-53.677875,19.0106 
0007497,265.174183,-53.677874,22.7833 
0007498,265.174091,-53.678843,20.1649 
0007499,265.174053,-53.678015,20.2241 
0007501,265.173841,-53.678119,19.9925 
0007502,265.173826,-53.679042,23.5772 
0007503,265.173098,-53.678059,20.6717 
0007504,265.172499,-53.678169,21.1218 
0007505,265.172484,-53.67811,19.9948 
0007508,265.172548,-53.678199,22.4199 
0007520,265.178779,-53.678405,17.8908 
0007521,265.178386,-53.677852,18.2688 
0007522,265.178214,-53.678685,18.5057 
0007523,265.178116,-53.678828,17.7329 
0007524,265.177757,-53.678543,17.5635 
0007525,265.177703,-53.678238,18.7076 
0007526,265.177192,-53.678938,18.216 
0007527,265.176804,-53.678371,19.1688 
0007528,265.176661,-53.67797,17.8056 
0007529,265.178765,-53.678301,19.6735 
0007532,265.178202,-53.678979,21.3865 
0007534,265.177719,-53.678373,19.2624 
0007535,265.177353,-53.678437,20.9914 
0007537,265.176933,-53.677789,19.9569 
0007538,265.176736,-53.67852,20.2734 
0007539,265.176626,-53.678911,22.7438 
0007549,265.169716,-53.678338,17.3295 
0007550,265.169321,-53.678516,17.0359 
0007551,265.169149,-53.678894,17.1781 
0007552,265.16859,-53.677913,17.2927 
0007553,265.168324,-53.67789,18.2006 
0007554,265.167976,-53.678604,18.1615 
0007555,265.167894,-53.678105,17.7041 
0007556,265.169361,-53.678859,19.4165 
0007557,265.1693,-53.677862,22.1827 
0007558,265.169153,-53.678491,21.6958 
0007560,265.168446,-53.678429,20.4883 
0007561,265.168191,-53.678454,20.1731 
0007562,265.168096,-53.678021,19.7202 
0007563,265.167868,-53.677816,20.9412 
0007575,265.172125,-53.678297,18.6382 
0007576,265.171741,-53.678264,18.6979 
0007577,265.171135,-53.678625,17.174 
0007578,265.170983,-53.678835,18.956 
0007579,265.170742,-53.678697,18.2489 
0007580,265.17061,-53.678513,18.2872 
0007581,265.170593,-53.678016,18.2133 
0007582,265.170278,-53.678455,17.0946 
0007583,265.169948,-53.67855,17.0358 
0007585,265.171715,-53.678708,20.4096 
0007586,265.171718,-53.67788,21.0468 
0007587,265.171164,-53.677796,20.2015 
0007588,265.171101,-53.678246,19.0552 
0007589,265.171082,-53.677845,21.8491 
0007591,265.170247,-53.678285,20.6678 
0007592,265.170084,-53.679059,21.0982 
0007613,265.183834,-53.677846,19.6499 
0007614,265.183721,-53.678081,24.4492 
0007619,265.183812,-53.678288,19.473 
0007662,265.183233,-53.678523,16.9634 
0007663,265.183033,-53.678606,19.1557 
0007664,265.182671,-53.678368,17.8779 
0007665,265.182129,-53.678144,19.7677 
0007666,265.182012,-53.678732,17.3037 
0007667,265.181635,-53.67864,18.6271 
0007669,265.182603,-53.6779,20.2615 
0007671,265.181426,-53.678945,21.8142 
0007672,265.181376,-53.67777,20.9464 
0007675,265.181951,-53.678033,24.5985 
0007676,265.181686,-53.679014,23.8658 
0007744,265.166472,-53.6779,17.6095 
0007748,265.167419,-53.677948,22.2759 
0007756,265.17595,-53.678655,18.1957 
0007757,265.175852,-53.678889,17.0994 
0007758,265.17573,-53.67807,18.1573 
0007759,265.17541,-53.678179,18.3415 
0007760,265.175324,-53.678204,18.5792 
0007761,265.174861,-53.678637,17.6981 
0007765,265.176226,-53.67908,21.8526 
0007767,265.175899,-53.678711,22.219 
0007768,265.175856,-53.678931,19.953 
0007769,265.17584,-53.678779,21.0029 
0007770,265.175815,-53.678116,22.5291 
0007771,265.175422,-53.678026,20.3679 
0007772,265.17536,-53.678326,23.6847 
0007773,265.175031,-53.678215,20.294 
0007774,265.174645,-53.678521,19.7312 
0007775,265.175798,-53.678767,22.8267 
0007776,265.175321,-53.678577,28.5765 
0007777,265.174566,-53.678488,22.4543 
0007952,265.185888,-53.677033,17.5754 
0007953,265.18626,-53.676754,20.3017 
0007958,265.185693,-53.676882,21.5013 
0008022,265.185443,-53.676481,16.8052 
0008023,265.185275,-53.676625,18.5468 
0008024,265.185183,-53.676922,17.2765 
0008026,265.184177,-53.676728,17.8106 
0008027,265.184943,-53.676456,21.0696 
0008028,265.184815,-53.677206,21.9148 
0008029,265.184386,-53.676698,20.2542 
0008030,265.183972,-53.67704,21.6926 
0008031,265.183502,-53.677272,21.9627 
0008032,265.183394,-53.677417,19.2241 
0008060,265.180542,-53.677222,17.9299 
0008061,265.18043,-53.677484,17.4453 
0008062,265.180209,-53.676626,17.9524 
0008063,265.180069,-53.676467,18.5301 
0008064,265.179744,-53.676512,16.9429 
0008065,265.179658,-53.676913,19.0519 
0008066,265.179623,-53.677427,16.6656 
0008067,265.179348,-53.677124,18.313 
0008068,265.179184,-53.677123,18.3269 
0008069,265.178931,-53.676797,17.4578 
0008070,265.179853,-53.677592,20.3898 
0008071,265.179824,-53.676963,20.8398 
0008072,265.1796,-53.676868,20.1277 
0008074,265.179434,-53.676905,19.9151 
0008075,265.179223,-53.676751,20.5693 
0008079,265.183025,-53.676544,17.0365 
0008080,265.18281,-53.677309,18.1727 
0008081,265.182399,-53.677318,17.552 
0008082,265.182303,-53.676778,16.8465 
0008083,265.181937,-53.677058,18.2035 
0008084,265.181766,-53.677657,18.6047 
0008085,265.181282,-53.676976,18.685 
0008086,265.181094,-53.677739,18.9454 
0008087,265.181052,-53.677042,18.1579 
0008088,265.18297,-53.676703,20.1282 
0008091,265.182766,-53.676808,22.4295 
0008092,265.182747,-53.677438,18.5122 
0008093,265.182729,-53.676921,20.6584 
0008094,265.18271,-53.677739,20.5718 
0008095,265.182579,-53.676836,19.484 
0008096,265.182153,-53.676734,23.8834 
0008097,265.182059,-53.677672,19.9147 
0008098,265.181562,-53.677429,20.4309 
0008099,265.181506,-53.677354,21.325 
0008100,265.181436,-53.677532,21.6342 
0008101,265.181428,-53.676688,20.1127 
0008102,265.182678,-53.677421,18.9964 
0008125,265.174353,-53.677267,19.0808 
0008126,265.174303,-53.676469,17.7992 
0008128,265.173391,-53.677218,18.346 
0008129,265.173352,-53.677736,17.6417 
0008130,265.173154,-53.677374,17.0586 
0008131,265.173125,-53.676587,17.6894 
0008132,265.172891,-53.677439,18.3905 
0008133,265.172778,-53.677682,17.6084 
0008134,265.172335,-53.67689,19.2819 
0008135,265.172162,-53.677628,17.0775 
0008136,265.174159,-53.677668,21.9066 
0008137,265.174149,-53.676456,21.2969 
0008138,265.174005,-53.677047,22.1501 
0008140,265.173717,-53.677015,20.1496 
0008142,265.173601,-53.677157,21.4203 
0008143,265.173519,-53.677609,20.3065 
0008144,265.173459,-53.677472,17.1198 
0008145,265.173214,-53.677234,21.1587 
0008147,265.172984,-53.677336,23.0853 
0008148,265.172925,-53.676972,21.952 
0008149,265.172821,-53.677253,19.1963 
0008152,265.17351,-53.677443,17.4964 
0008153,265.178481,-53.67665,16.8132 
0008154,265.178099,-53.676794,18.4543 
0008155,265.177737,-53.677127,17.6843 
0008156,265.177623,-53.677489,17.3485 
0008157,265.177348,-53.677331,18.4052 
0008158,265.177132,-53.676462,17.0689 
0008159,265.176855,-53.676759,17.6544 
0008160,265.176757,-53.677644,18.2269 
0008161,265.176666,-53.677335,18.1285 
0008162,265.176621,-53.677552,18.2202 
0008164,265.178507,-53.677393,22.6955 
0008165,265.178329,-53.677737,19.9708 
0008166,265.178126,-53.677187,19.9977 
0008168,265.177702,-53.677007,20.6545 
0008169,265.177617,-53.677118,22.8986 
0008170,265.177332,-53.677263,21.0874 
0008187,265.176527,-53.677268,17.12 
0008188,265.1765,-53.677509,17.8451 
0008189,265.175919,-53.677768,18.7996 
0008190,265.175913,-53.676963,17.754 
0008191,265.176565,-53.677526,21.7372 
0008193,265.176446,-53.677573,19.7137 
0008195,265.176215,-53.676582,19.8948 
0008196,265.176114,-53.677707,21.7637 
0008197,265.175952,-53.676811,17.8243 
0008198,265.175888,-53.676878,19.0928 
0008199,265.175881,-53.676811,17.6972 
0008201,265.175225,-53.677138,22.1991 
0008202,265.175094,-53.67717,20.293 
0008203,265.175015,-53.677234,19.2005 
0008205,265.174968,-53.677709,20.2503 
0008206,265.174861,-53.6777,19.1531 
0008222,265.167366,-53.677422,19.1543 
0008223,265.167158,-53.677641,19.3573 
0008224,265.166573,-53.677727,17.9444 
0008225,265.167385,-53.677617,22.209 
0008226,265.167308,-53.677031,21.3867 
0008227,265.167302,-53.676508,22.2631 
0008228,265.167065,-53.676547,17.4867 
0008230,265.166844,-53.677169,17.5446 
0008231,265.166842,-53.677082,21.5478 
0008232,265.166677,-53.676484,18.4672 
0008233,265.166543,-53.677178,20.5337 
0008234,265.16627,-53.67684,21.4027 
0008235,265.166061,-53.676995,21.3214 
0008236,265.165989,-53.676946,21.3646 
0008237,265.165774,-53.677112,18.5863 
0008238,265.165716,-53.67656,19.7826 
0008239,265.167044,-53.676481,23.1407 
0008244,265.165393,-53.676947,20.4497 
0008259,265.169399,-53.676764,16.8959 
0008260,265.169225,-53.677511,17.1677 
0008262,265.168777,-53.677172,17.4757 
0008263,265.168351,-53.677212,18.7631 
0008264,265.169776,-53.676612,19.9208 
0008265,265.169642,-53.676632,19.3685 
0008267,265.16927,-53.676803,22.554 
0008270,265.168148,-53.676985,18.5476 
0008271,265.168005,-53.677255,19.4652 
0008272,265.167835,-53.676535,19.4414 
0008273,265.16777,-53.677061,18.1881 
0008274,265.169561,-53.676665,21.6317 
0008275,265.169534,-53.676628,22.3347 
0008276,265.168085,-53.676989,18.5167 
0008299,265.171972,-53.676952,19.3133 
0008300,265.171827,-53.677206,18.0489 
0008301,265.171797,-53.67756,18.4916 
0008302,265.17164,-53.677754,18.513 
0008303,265.171091,-53.677131,17.3817 
0008304,265.170963,-53.676965,18.0489 
0008305,265.170384,-53.677628,17.1496 
0008306,265.17036,-53.676737,16.8321 
0008307,265.16996,-53.676978,16.8798 
0008310,265.171053,-53.677294,20.4792 
0008311,265.17104,-53.676834,20.1764 
0008312,265.170932,-53.677351,20.0667 
0008313,265.170805,-53.676727,19.6485 
0008314,265.170651,-53.676623,21.1924 
0008315,265.170357,-53.67727,20.9481 
0008316,265.169957,-53.677156,20.8728 
0008451,265.186997,-53.67593,19.7824 
0008452,265.186113,-53.675721,17.7576 
0008453,265.18575,-53.675375,18.0036 
0008454,265.185505,-53.675616,17.5718 
0008457,265.186507,-53.675933,21.2654 
0008458,265.185954,-53.676076,22.8862 
0008459,265.185921,-53.675394,22.9921 
0008461,265.186153,-53.676084,24.2275 
0008628,265.183114,-53.676404,18.3484 
0008629,265.183044,-53.676194,19.2094 
0008630,265.182966,-53.67556,17.7611 
0008631,265.182895,-53.676422,24.9952 
0008632,265.182836,-53.675215,18.772 
0008633,265.182546,-53.675426,18.7606 
0008634,265.18143,-53.675974,17.8666 
0008635,265.181398,-53.675313,17.4252 
0008636,265.181076,-53.675607,26.3052 
0008638,265.18302,-53.675217,19.5198 
0008639,265.182968,-53.67597,20.6658 
0008640,265.182515,-53.676072,21.4655 
0008641,265.182447,-53.675592,23.0168 
0008642,265.182348,-53.67643,19.9012 
0008643,265.182158,-53.675936,22.2169 
0008644,265.182056,-53.676059,20.5987 
0008645,265.181898,-53.675242,20.0292 
0008646,265.181744,-53.675673,21.6656 
0008647,265.181545,-53.675817,19.4777 
0008648,265.181462,-53.675587,20.284 
0008649,265.181454,-53.675262,19.3996 
0008650,265.181286,-53.675563,19.7645 
0008651,265.181159,-53.675745,19.4793 
0008653,265.181087,-53.67531,19.2078 
0008671,265.169643,-53.675378,17.9962 
0008672,265.16924,-53.675253,17.3039 
0008673,265.168922,-53.675231,16.803 
0008674,265.168711,-53.675574,17.6245 
0008675,265.168141,-53.67542,19.3991 
0008677,265.168769,-53.675836,18.2335 
0008678,265.168096,-53.675484,20.8492 
0008679,265.167926,-53.676431,20.296 
0008682,265.180847,-53.675736,18.2119 
0008683,265.180543,-53.675559,19.5668 
0008684,265.180207,-53.675824,18.394 
0008685,265.180178,-53.67627,16.9261 
0008686,265.180012,-53.676219,17.1704 
0008687,265.180022,-53.676131,18.0591 
0008688,265.179785,-53.67515,17.9269 
0008689,265.179494,-53.676302,19.3889 
0008690,265.179395,-53.676435,18.4874 
0008691,265.17932,-53.675486,17.8793 
0008692,265.179241,-53.676264,19.0097 
0008693,265.179214,-53.675618,17.5678 
0008694,265.178865,-53.676146,17.4918 
0008695,265.180263,-53.676317,19.543 
0008697,265.179741,-53.675314,23.742 
0008698,265.178569,-53.675925,18.8151 
0008699,265.178426,-53.675777,18.6875 
0008700,265.178158,-53.675146,19.3442 
0008701,265.17798,-53.675154,18.8502 
0008702,265.177643,-53.675738,17.2846 
0008703,265.177545,-53.675401,17.2392 
0008704,265.177412,-53.6758,18.9465 
0008705,265.177358,-53.675394,19.3111 
0008706,265.177247,-53.676402,17.087 
0008707,265.177176,-53.675822,18.0947 
0008708,265.177131,-53.675747,17.4127 
0008709,265.176962,-53.676136,18.1291 
0008710,265.176744,-53.675242,17.7075 
0008711,265.176699,-53.675891,18.0732 
0008712,265.176638,-53.676006,17.8296 
0008713,265.178507,-53.675785,19.9305 
0008715,265.178206,-53.675556,21.6821 
0008716,265.178195,-53.6759,19.8103 
0008718,265.177599,-53.675443,18.654 
0008719,265.177481,-53.675934,21.558 
0008722,265.167401,-53.675261,17.585 
0008723,265.165754,-53.67594,17.6212 
0008724,265.165624,-53.675377,18.0066 
0008725,265.166862,-53.676404,19.3492 
0008726,265.166505,-53.675422,21.5046 
0008727,265.166492,-53.675141,20.8326 
0008728,265.165961,-53.675957,20.6639 
0008729,265.165815,-53.675892,19.5461 
0008730,265.165757,-53.676446,20.8775 
0008731,265.165588,-53.675335,20.529 
0008733,265.174357,-53.676324,18.4692 
0008734,265.174273,-53.675483,18.0605 
0008735,265.174268,-53.675742,18.0614 
0008736,265.174246,-53.675584,17.7177 
0008737,265.174134,-53.676099,18.2649 
0008738,265.173628,-53.676375,17.6763 
0008739,265.173615,-53.675397,17.9614 
0008740,265.172945,-53.675834,17.9868 
0008741,265.172857,-53.675687,18.2549 
0008742,265.172787,-53.675929,18.0165 
0008743,265.172689,-53.675515,18.2781 
0008744,265.172676,-53.675778,18.1061 
0008745,265.174273,-53.675993,22.9435 
0008746,265.174246,-53.675325,17.6888 
0008747,265.174013,-53.675536,19.9835 
0008750,265.172691,-53.675429,20.258 
0008751,265.172637,-53.676385,17.2148 
0008752,265.172597,-53.675938,18.8875 
0008753,265.172488,-53.675525,17.4209 
0008754,265.172434,-53.676438,20.6509 
0008755,265.172234,-53.676449,23.0901 
0008756,265.172236,-53.675928,20.3117 
0008757,265.172666,-53.676353,18.1187 
0008758,265.172396,-53.675487,23.352 
0008759,265.164307,-53.676074,17.0521 
0008760,265.164122,-53.676009,16.8187 
0008763,265.165396,-53.676411,23.0047 
0008766,265.16485,-53.675624,22.0783 
0008767,265.1646,-53.675721,20.8331 
0008768,265.164476,-53.67636,19.4184 
0008775,265.176571,-53.675274,17.6041 
0008776,265.176499,-53.675832,17.9567 
0008777,265.176476,-53.676409,16.9077 
0008778,265.176409,-53.676066,18.5529 
0008779,265.176364,-53.676015,18.4555 
0008780,265.176167,-53.67549,19.3411 
0008781,265.176085,-53.67641,17.8723 
0008782,265.176046,-53.675962,17.9073 
0008783,265.175971,-53.675218,17.3088 
0008784,265.175945,-53.676013,18.2788 
0008785,265.175825,-53.675802,17.8727 
0008786,265.17582,-53.676102,17.1704 
0008787,265.175644,-53.675642,17.6283 
0008788,265.175432,-53.675611,18.3764 
0008789,265.175198,-53.675636,17.0635 
0008790,265.175097,-53.675225,18.6789 
0008791,265.174619,-53.675525,17.0405 
0008792,265.176529,-53.675286,19.8935 
0008794,265.176123,-53.67619,20.2815 
0008795,265.175676,-53.675583,19.3098 
0008796,265.175493,-53.67533,24.5744 
0008797,265.175296,-53.676237,19.3704 
0008798,265.175231,-53.676131,20.3394 
0008799,265.175181,-53.67593,22.0588 
0008803,265.184787,-53.675394,18.2488 
0008804,265.184281,-53.676285,17.4148 
0008805,265.184038,-53.675978,18.0834 
0008806,265.183785,-53.675157,17.6447 
0008807,265.183525,-53.675749,17.1024 
0008808,265.183324,-53.675912,18.6254 
0008810,265.184935,-53.675723,21.1048 
0008811,265.184422,-53.675542,19.5722 
0008812,265.183721,-53.676277,22.0517 
0008814,265.172063,-53.675956,18.8401 
0008815,265.171817,-53.676029,17.4348 
0008816,265.171665,-53.675829,16.8824 
0008817,265.17124,-53.676181,18.3253 
0008818,265.171235,-53.675964,17.9094 
0008819,265.170396,-53.676409,18.276 
0008820,265.172102,-53.675348,19.3434 
0008821,265.171912,-53.675628,19.066 
0008823,265.171706,-53.675669,18.8757 
0008824,265.171583,-53.675726,16.9981 
0008825,265.171456,-53.675815,19.2442 
0008826,265.171451,-53.675919,21.367 
0008827,265.171074,-53.675483,21.3728 
0008828,265.171032,-53.676272,23.0011 
0008830,265.170962,-53.676064,19.9149 
0008831,265.170914,-53.676206,21.8614 
0008832,265.170815,-53.675828,20.3325 
0008833,265.170542,-53.676061,17.1371 
0008834,265.170541,-53.675814,17.8211 
0008835,265.170461,-53.675496,21.9933 
0008837,265.170093,-53.675752,17.1811 
0008838,265.171821,-53.675559,22.1345 
0008839,265.170977,-53.675988,25.291 
0008840,265.170722,-53.675246,24.1045 
0009049,265.18621,-53.674958,19.0933 
0009050,265.185932,-53.674143,18.6013 
0009052,265.186541,-53.67431,19.3878 
0009053,265.18625,-53.674648,20.751 
0009054,265.186059,-53.674292,20.4027 
0009055,265.185964,-53.673909,22.3262 
0009056,265.185627,-53.674743,21.6082 
0009060,265.188481,-53.674019,17.7405 
0009061,265.188444,-53.6739,-99.9999 
0009062,265.188102,-53.674262,17.5419 
0009063,265.187982,-53.67401,18.5195 
0009160,265.163206,-53.674196,18.1149 
0009161,265.163061,-53.674803,18.8776 
0009174,265.185463,-53.674298,19.0369 
0009175,265.184615,-53.673881,18.0589 
0009176,265.18421,-53.674763,18.6669 
0009177,265.183783,-53.674865,17.1888 
0009178,265.185378,-53.674309,19.9429 
0009179,265.185111,-53.674309,19.8267 
0009180,265.184243,-53.674415,21.9861 
0009181,265.183967,-53.674653,22.5704 
0009182,265.183962,-53.674368,19.4349 
0009183,265.183559,-53.67496,20.1802 
0009184,265.185404,-53.674351,21.1714 
0009191,265.169769,-53.674057,17.8185 
0009192,265.169592,-53.675005,19.1083 
0009193,265.169556,-53.674028,18.3215 
0009194,265.169489,-53.674328,16.8607 
0009195,265.169085,-53.675059,-99.9999 
0009196,265.168947,-53.674988,16.8661 
0009197,265.168908,-53.674027,18.0641 
0009198,265.168594,-53.674019,18.2213 
0009199,265.1679,-53.674784,25.5078 
0009200,265.169805,-53.674515,20.2321 
0009201,265.169781,-53.674759,19.5425 
0009203,265.169333,-53.674622,19.5549 
0009204,265.169209,-53.674417,21.6663 
0009205,265.169115,-53.674718,26.5965 
0009208,265.168578,-53.674941,20.1749 
0009209,265.168472,-53.674342,24.3961 
0009211,265.168191,-53.674993,22.1555 
0009213,265.168559,-53.674533,25.2057 
0009214,265.180931,-53.675096,18.7831 
0009215,265.180609,-53.67448,18.4551 
0009216,265.18044,-53.674734,17.8573 
0009217,265.180189,-53.674038,17.9938 
0009218,265.180188,-53.67394,17.8676 
0009219,265.180102,-53.674705,19.0482 
0009220,265.179824,-53.674198,18.0092 
0009221,265.179789,-53.674251,17.5732 
0009222,265.17943,-53.674646,17.1684 
0009223,265.179399,-53.674389,17.8881 
0009224,265.179358,-53.674015,17.3324 
0009225,265.179129,-53.674237,18.8236 
0009226,265.179033,-53.674931,17.1047 
0009227,265.178844,-53.674865,16.8415 
0009228,265.180835,-53.674549,19.1932 
0009229,265.180632,-53.675117,23.3921 
0009231,265.180111,-53.674736,21.0645 
0009232,265.179698,-53.674908,21.2546 
0009233,265.179665,-53.674152,20.4555 
0009234,265.179053,-53.674323,20.6191 
0009235,265.178848,-53.673984,21.8063 
0009237,265.182866,-53.674131,17.4629 
0009238,265.182652,-53.67509,17.8464 
0009239,265.182528,-53.674835,16.8285 
0009240,265.182342,-53.675061,17.3785 
0009241,265.182026,-53.673895,17.0657 
0009242,265.181895,-53.675023,18.9497 
0009243,265.18186,-53.674483,18.3215 
0009244,265.181837,-53.67472,18.9524 
0009245,265.181755,-53.675118,17.6566 
0009246,265.181467,-53.674797,17.3719 
0009247,265.181049,-53.674891,18.4884 
0009248,265.183177,-53.6739,22.2445 
0009249,265.182498,-53.67406,21.1003 
0009250,265.182479,-53.674969,20.4893 
0009251,265.182159,-53.67417,21.9191 
0009252,265.182157,-53.674023,19.8099 
0009253,265.182008,-53.674682,23.5127 
0009254,265.181936,-53.674864,19.9539 
0009255,265.181764,-53.674162,19.6019 
0009256,265.18166,-53.673993,21.2238 
0009257,265.181092,-53.674076,23.6288 
0009260,265.171336,-53.674376,19.5159 
0009261,265.171215,-53.673838,18.672 
0009262,265.172143,-53.674986,18.9247 
0009263,265.171992,-53.67384,19.1705 
0009264,265.171905,-53.674077,20.7326 
0009265,265.171878,-53.674515,21.9681 
0009266,265.171866,-53.674829,18.905 
0009267,265.171773,-53.675029,18.192 
0009269,265.171658,-53.674343,18.9987 
0009271,265.171202,-53.674277,20.1517 
0009272,265.170978,-53.673983,20.8885 
0009274,265.170794,-53.674991,22.5038 
0009276,265.170481,-53.675018,21.4247 
0009277,265.170374,-53.67428,22.1663 
0009278,265.170296,-53.674036,19.6188 
0009279,265.17029,-53.673875,20.2659 
0009280,265.170108,-53.674692,20.1237 
0009281,265.172102,-53.674878,25.2132 
0009282,265.171318,-53.674369,20.9307 
0009284,265.167312,-53.674703,17.9545 
0009285,265.166496,-53.675094,17.8529 
0009286,265.166064,-53.674741,17.1349 
0009287,265.165869,-53.674243,18.8094 
0009288,265.165646,-53.674674,17.4167 
0009290,265.167536,-53.674884,20.2548 
0009291,265.167486,-53.675054,20.2281 
0009292,265.167337,-53.675136,22.5699 
0009293,265.167173,-53.674215,20.5589 
0009294,265.166725,-53.673829,21.5992 
0009297,265.166239,-53.674536,23.8347 
0009298,265.165592,-53.674985,20.8145 
0009299,265.166491,-53.675017,23.3021 
0009300,265.165435,-53.674784,17.8641 
0009301,265.16527,-53.674379,17.0908 
0009302,265.1652,-53.674466,18.852 
0009303,265.16406,-53.674943,18.5233 
0009305,265.163882,-53.674284,19.1035 
0009306,265.163749,-53.674619,18.3136 
0009307,265.165456,-53.674373,23.3304 
0009308,265.165429,-53.674098,21.5229 
0009309,265.165088,-53.673971,20.2221 
0009311,265.164128,-53.674265,19.3277 
0009312,265.164038,-53.6739,19.5198 
0009313,265.165133,-53.674109,24.5991 
0009314,265.178731,-53.674053,17.6817 
0009315,265.178677,-53.674479,19.2788 
0009316,265.178669,-53.674215,17.2793 
0009317,265.178655,-53.674794,17.5019 
0009318,265.178301,-53.67404,16.9794 
0009319,265.17812,-53.674534,17.2549 
0009320,265.178095,-53.673999,16.9366 
0009321,265.177996,-53.674262,17.5036 
0009322,265.177927,-53.674739,17.5187 
0009323,265.17789,-53.674677,18.3543 
0009324,265.177712,-53.675072,17.1438 
0009325,265.177662,-53.674609,18.1469 
0009326,265.17727,-53.674994,17.4378 
0009327,265.177247,-53.674637,16.9242 
0009328,265.177157,-53.674831,17.4648 
0009329,265.177116,-53.674451,16.8034 
0009330,265.176994,-53.675042,16.9224 
0009331,265.178717,-53.674658,19.7762 
0009333,265.178518,-53.673938,21.3891 
0009334,265.178326,-53.673897,19.4066 
0009336,265.178197,-53.675095,20.6598 
0009337,265.178059,-53.674429,20.2661 
0009338,265.17767,-53.674685,20.8695 
0009339,265.177593,-53.674074,22.7348 
0009340,265.177032,-53.674246,23.0698 
0009341,265.177013,-53.674959,20.0122 
0009342,265.176847,-53.674006,22.9935 
0009343,265.174358,-53.674763,19.5933 
0009344,265.174328,-53.674985,20.0874 
0009345,265.174224,-53.674424,17.5412 
0009346,265.173876,-53.674643,20.7728 
0009347,265.173855,-53.674509,17.7762 
0009348,265.173811,-53.674806,21.3269 
0009349,265.173723,-53.674952,16.8548 
0009350,265.173673,-53.674857,19.7482 
0009353,265.173191,-53.67467,19.1667 
0009354,265.17306,-53.675119,16.6948 
0009355,265.17304,-53.67494,19.1614 
0009356,265.172873,-53.674791,17.5321 
0009357,265.172731,-53.675007,21.0241 
0009358,265.172702,-53.673921,19.8835 
0009359,265.172683,-53.674593,17.4376 
0009360,265.17264,-53.674828,20.3496 
0009362,265.172379,-53.674802,22.9038 
0009363,265.172264,-53.674845,19.3066 
0009364,265.174314,-53.673972,23.1467 
0009366,265.174097,-53.674634,22.3664 
0009373,265.172839,-53.674808,17.9229 
0009375,265.172369,-53.67502,24.2328 
0009376,265.174164,-53.674696,22.5478 
0009377,265.176464,-53.674741,17.0086 
0009378,265.176472,-53.674411,18.5919 
0009379,265.176144,-53.674441,18.1055 
0009380,265.176097,-53.674697,18.0151 
0009382,265.175753,-53.675023,18.7294 
0009383,265.174649,-53.674911,17.8815 
0009384,265.176453,-53.674028,17.3472 
0009385,265.17643,-53.674124,19.6503 
0009386,265.176365,-53.673903,19.7706 
0009387,265.176317,-53.674716,18.9326 
0009388,265.17613,-53.673995,18.2478 
0009389,265.175886,-53.673834,18.3646 
0009390,265.175787,-53.674246,20.9504 
0009391,265.175725,-53.673928,17.0281 
0009392,265.175586,-53.674112,19.1363 
0009393,265.175533,-53.674056,17.2622 
0009394,265.175362,-53.674247,19.5997 
0009395,265.175332,-53.674192,17.8978 
0009396,265.175196,-53.674596,18.1338 
0009397,265.175172,-53.674722,20.4048 
0009398,265.17507,-53.674874,19.3354 
0009399,265.175054,-53.674031,21.384 
0009400,265.17495,-53.674461,21.9211 
0009401,265.174938,-53.674093,17.3704 
0009402,265.174876,-53.674782,22.6559 
0009403,265.174839,-53.673943,17.8734 
0009404,265.174651,-53.674029,18.1601 
0009405,265.174558,-53.674509,24.7512 
0009406,265.174438,-53.674854,21.4933 
0009407,265.175202,-53.674168,17.7148 
0009408,265.175139,-53.674623,19.3714 
0009409,265.175101,-53.67385,23.8569 
0009603,265.18483,-53.672548,17.0508 
0009604,265.184551,-53.672596,17.8656 
0009605,265.183541,-53.673046,18.513 
0009606,265.183392,-53.673618,18.6941 
0009607,265.185363,-53.672814,21.6873 
0009608,265.184933,-53.673189,21.7043 
0009610,265.184637,-53.673508,21.7539 
0009611,265.184443,-53.673557,20.4414 
0009612,265.183762,-53.673742,22.7589 
0009622,265.188566,-53.673191,16.8813 
0009623,265.188558,-53.673496,17.0625 
0009624,265.187983,-53.672801,19.6356 
0009688,265.187337,-53.672989,17.8378 
0009689,265.187019,-53.673644,18.3818 
0009690,265.186328,-53.673137,17.6034 
0009691,265.186129,-53.673506,17.0502 
0009692,265.185817,-53.673021,17.9157 
0009693,265.185678,-53.672864,18.7073 
0009694,265.187697,-53.673271,21.305 
0009695,265.186996,-53.672534,22.0935 
0009698,265.186425,-53.673568,20.603 
0009699,265.186404,-53.673057,19.7293 
0009702,265.185822,-53.673295,19.6058 
0009703,265.185781,-53.672792,19.707 
0009705,265.185793,-53.672821,22.8127 
0009744,265.16309,-53.673053,16.8707 
0009745,265.162808,-53.673551,17.6737 
0009746,265.162266,-53.673707,18.0143 
0009752,265.162998,-53.67315,19.0154 
0009756,265.177492,-53.6728,17.8733 
0009757,265.178718,-53.672835,18.8983 
0009758,265.178658,-53.673139,17.0759 
0009759,265.178542,-53.673272,16.9125 
0009760,265.178272,-53.672923,17.5651 
0009761,265.178167,-53.673606,18.0927 
0009762,265.178141,-53.673378,21.3314 
0009763,265.178082,-53.672764,17.2192 
0009764,265.17802,-53.672955,19.0788 
0009765,265.177951,-53.67276,20.1478 
0009766,265.177841,-53.673034,21.5213 
0009767,265.177661,-53.673535,19.1474 
0009768,265.177633,-53.672846,21.4822 
0009769,265.177381,-53.673211,17.723 
0009770,265.177247,-53.672629,19.0971 
0009771,265.177226,-53.673176,18.8192 
0009772,265.177248,-53.673182,19.9497 
0009773,265.177174,-53.672715,19.7106 
0009774,265.176981,-53.673433,18.8046 
0009775,265.176944,-53.673611,21.6567 
0009777,265.176837,-53.673259,20.0022 
0009779,265.176804,-53.673449,18.7744 
0009780,265.176711,-53.673356,20.9586 
0009781,265.176623,-53.67316,18.1114 
0009783,265.177367,-53.673801,24.6511 
0009784,265.177174,-53.673194,18.8612 
0009785,265.167519,-53.6727,18.7093 
0009787,265.166986,-53.672939,19.662 
0009788,265.166927,-53.673666,17.5698 
0009789,265.1664,-53.67269,18.4958 
0009790,265.166204,-53.673386,18.8271 
0009791,265.165977,-53.672577,18.6286 
0009792,265.16596,-53.673764,18.8526 
0009794,265.167145,-53.672852,21.3318 
0009795,265.16702,-53.673466,20.0695 
0009796,265.16693,-53.672629,21.5448 
0009797,265.166919,-53.673534,19.2681 
0009799,265.16611,-53.673007,21.9704 
0009801,265.165797,-53.673792,19.3005 
0009802,265.16575,-53.67376,20.7814 
0009804,265.172114,-53.673744,18.9539 
0009805,265.171951,-53.672992,18.4308 
0009806,265.171545,-53.672581,18.3931 
0009807,265.170992,-53.672666,17.8834 
0009808,265.170914,-53.673812,18.9838 
0009809,265.170783,-53.673393,18.4988 
0009810,265.170664,-53.673287,16.8977 
0009811,265.17062,-53.673708,17.3487 
0009812,265.170285,-53.672687,16.889 
0009813,265.170108,-53.672897,19.0631 
0009814,265.170026,-53.67368,17.2691 
0009815,265.17211,-53.673756,19.712 
0009816,265.172019,-53.672807,20.7781 
0009818,265.171724,-53.673801,19.4917 
0009819,265.171311,-53.672994,20.7466 
0009821,265.170739,-53.673484,19.7418 
0009823,265.169959,-53.673387,19.1264 
0009825,265.170111,-53.672908,20.6246 
0009826,265.169979,-53.673363,20.3333 
0009827,265.183217,-53.672801,18.5383 
0009828,265.183153,-53.673241,18.1562 
0009829,265.181842,-53.67313,17.5771 
0009830,265.181807,-53.672622,16.9296 
0009831,265.181656,-53.673301,17.6741 
0009832,265.181641,-53.672563,18.4743 
0009833,265.181611,-53.67338,16.8201 
0009834,265.183159,-53.672536,20.1546 
0009835,265.183095,-53.673767,19.3022 
0009836,265.183075,-53.673197,19.2998 
0009838,265.182446,-53.673027,20.3453 
0009839,265.182356,-53.673797,19.5832 
0009840,265.182316,-53.673307,19.018 
0009842,265.181901,-53.67332,19.3999 
0009843,265.181858,-53.673615,20.0217 
0009844,265.181319,-53.673006,23.9116 
0009846,265.181897,-53.673779,23.5011 
0009847,265.169527,-53.673327,19.3136 
0009848,265.169414,-53.672726,18.5874 
0009849,265.169224,-53.673714,17.6832 
0009850,265.169156,-53.672815,17.5065 
0009851,265.168979,-53.672999,18.3658 
0009852,265.168969,-53.673105,18.0173 
0009853,265.167863,-53.67251,17.3667 
0009854,265.167711,-53.672617,18.2661 
0009857,265.169203,-53.672512,19.5903 
0009858,265.169032,-53.67325,19.7818 
0009859,265.168788,-53.673137,22.7272 
0009861,265.16802,-53.673473,19.3115 
0009862,265.169536,-53.67334,22.0854 
0009864,265.169516,-53.673487,24.8404 
0009866,265.167793,-53.673787,25.1588 
0009867,265.165181,-53.673266,18.2374 
0009868,265.164917,-53.672939,17.5912 
0009869,265.164923,-53.672564,18.8478 
0009870,265.164337,-53.673792,17.8843 
0009871,265.164115,-53.672972,18.2767 
0009872,265.163423,-53.673475,17.8851 
0009873,265.163326,-53.673687,18.9153 
0009874,265.165269,-53.672515,22.0072 
0009875,265.16489,-53.673371,19.9092 
0009876,265.164758,-53.673359,21.4114 
0009877,265.164664,-53.67324,19.43 
0009881,265.164039,-53.673362,19.0582 
0009882,265.164005,-53.673651,23.0582 
0009883,265.163598,-53.673716,19.7845 
0009886,265.165206,-53.672944,23.4815 
0009888,265.180524,-53.673511,18.3752 
0009889,265.179069,-53.673515,-99.9999 
0009891,265.180875,-53.672775,21.5505 
0009892,265.180741,-53.672954,20.974 
0009895,265.180096,-53.673056,20.8269 
0009896,265.179962,-53.673409,19.0134 
0009897,265.17983,-53.672618,20.004 
0009898,265.17971,-53.67306,17.5609 
0009899,265.179655,-53.673473,20.4042 
0009900,265.179589,-53.672945,18.1676 
0009901,265.179503,-53.67353,19.1199 
0009902,265.179161,-53.673672,19.6203 
0009903,265.179072,-53.673741,23.165 
0009904,265.179576,-53.67282,-99.9999 
0009908,265.17652,-53.672891,18.1678 
0009909,265.175709,-53.673379,17.1845 
0009910,265.175634,-53.672871,17.4681 
0009911,265.175625,-53.673045,18.7283 
0009912,265.175183,-53.673502,18.4488 
0009913,265.17471,-53.672818,17.6212 
0009914,265.174584,-53.673552,17.1392 
0009915,265.176453,-53.672754,20.417 
0009916,265.176434,-53.67378,17.4952 
0009917,265.176308,-53.673493,18.7428 
0009918,265.176218,-53.673408,17.4805 
0009919,265.175959,-53.673597,18.4739 
0009920,265.175826,-53.673013,19.3724 
0009921,265.175825,-53.673393,18.5532 
0009922,265.175754,-53.67318,22.0301 
0009924,265.175574,-53.673761,17.4614 
0009925,265.175552,-53.673609,18.5818 
0009926,265.175406,-53.672922,20.8496 
0009927,265.175387,-53.673001,20.5779 
0009928,265.175338,-53.672846,21.7371 
0009929,265.175284,-53.67314,19.7926 
0009930,265.174731,-53.673577,20.5336 
0009931,265.174581,-53.673381,21.9961 
0009933,265.175885,-53.673366,22.0553 
0009935,265.173396,-53.673069,17.2251 
0009936,265.17339,-53.673762,18.5124 
0009937,265.173313,-53.673628,17.6852 
0009938,265.173309,-53.67351,-99.9999 
0009939,265.173193,-53.673651,17.2711 
0009940,265.172972,-53.673788,17.7867 
0009941,265.172955,-53.673372,17.9807 
0009942,265.172928,-53.672852,17.3117 
0009943,265.172858,-53.673512,17.9752 
0009944,265.172855,-53.672923,17.4124 
0009945,265.172821,-53.67314,17.5164 
0009946,265.172505,-53.673343,18.4701 
0009947,265.172456,-53.67302,17.4001 
0009948,265.174343,-53.673044,19.2212 
0009949,265.174331,-53.673263,19.533 
0009950,265.174331,-53.672684,20.4273 
0009951,265.174264,-53.673322,19.1537 
0009952,265.174247,-53.673591,21.7207 
0009955,265.173801,-53.673362,19.1817 
0009956,265.173608,-53.672531,20.0164 
0009957,265.173593,-53.672832,20.8806 
0009958,265.17352,-53.673301,22.4666 
0009959,265.173286,-53.673265,17.463 
0009962,265.172842,-53.673202,20.3795 
0009964,265.172496,-53.672541,23.8698 
0010081,265.162897,-53.67159,24.9145 
0010082,265.162663,-53.671639,17.1803 
0010083,265.163197,-53.67141,19.7783 
0010084,265.163084,-53.672413,21.9429 
0010085,265.163039,-53.671903,23.3148 
0010086,265.162403,-53.67199,25.1594 
0010087,265.162021,-53.672007,19.489 
0010088,265.162003,-53.672198,21.0712 
0010256,265.188569,-53.672273,17.5887 
0010257,265.188526,-53.67141,17.7963 
0010258,265.188312,-53.672107,19.178 
0010259,265.188019,-53.672312,19.1417 
0010265,265.188197,-53.671463,19.58 
0010266,265.188077,-53.671233,20.7983 
0010267,265.187882,-53.672255,23.5733 
0010268,265.187849,-53.671878,19.482 
0010270,265.188659,-53.671662,22.2055 
0010302,265.167626,-53.671564,17.502 
0010303,265.16742,-53.672137,18.0216 
0010304,265.167332,-53.671494,18.1124 
0010305,265.167078,-53.671429,18.3267 
0010306,265.1669,-53.672112,18.3751 
0010307,265.166749,-53.67142,18.0059 
0010308,265.167508,-53.671738,22.0758 
0010309,265.167318,-53.672501,20.0842 
0010310,265.167084,-53.672356,21.4425 
0010311,265.166995,-53.67134,19.6595 
0010312,265.166433,-53.671509,19.7372 
0010313,265.166283,-53.671285,21.1283 
0010314,265.166126,-53.672258,20.9321 
0010315,265.166007,-53.672345,19.5142 
0010316,265.165919,-53.671856,19.8429 
0010325,265.172092,-53.672318,18.7065 
0010326,265.1717,-53.67246,17.5465 
0010327,265.171688,-53.671586,17.5911 
0010328,265.171534,-53.671894,17.6082 
0010329,265.171321,-53.672435,17.0259 
0010330,265.171226,-53.671255,18.1143 
0010331,265.170685,-53.671924,17.6345 
0010332,265.170627,-53.672016,18.4761 
0010333,265.170307,-53.671521,18.1222 
0010334,265.169978,-53.67243,18.1393 
0010335,265.169945,-53.671973,18.9678 
0010336,265.171933,-53.671852,20.416 
0010337,265.171559,-53.671192,21.8977 
0010339,265.171419,-53.671497,22.6051 
0010340,265.17129,-53.671573,18.7467 
0010341,265.171258,-53.671993,20.8612 
0010342,265.170577,-53.671658,19.8626 
0010343,265.170441,-53.671781,19.5103 
0010344,265.169946,-53.671525,21.8974 
0010346,265.186386,-53.671458,16.9118 
0010347,265.186088,-53.672174,18.7079 
0010348,265.187559,-53.672434,23.6552 
0010349,265.187542,-53.671229,20.204 
0010351,265.186797,-53.672433,19.7761 
0010352,265.186628,-53.672337,19.043 
0010354,265.186116,-53.671836,21.8322 
0010356,265.185982,-53.671723,19.78 
0010357,265.185762,-53.671366,20.1812 
0010358,265.185134,-53.671405,18.2314 
0010359,265.184378,-53.672329,17.475 
0010360,265.184356,-53.671883,18.3343 
0010361,265.1839,-53.672167,18.1184 
0010362,265.185,-53.671446,18.5786 
0010363,265.184957,-53.67135,18.0944 
0010364,265.184515,-53.67227,20.1453 
0010365,265.184478,-53.671678,23.115 
0010366,265.183631,-53.672494,21.0232 
0010367,265.18346,-53.671796,18.1588 
0010369,265.182992,-53.672408,18.3831 
0010370,265.18149,-53.671432,17.4045 
0010371,265.181453,-53.671257,17.9034 
0010372,265.182858,-53.672402,21.7375 
0010374,265.182558,-53.671957,17.6613 
0010375,265.18231,-53.671535,18.1768 
0010377,265.181951,-53.671601,18.9065 
0010378,265.181891,-53.671776,16.8548 
0010379,265.181482,-53.671741,19.2018 
0010380,265.181445,-53.671484,18.5409 
0010381,265.181074,-53.672485,22.0933 
0010382,265.182769,-53.671349,24.4159 
0010383,265.182384,-53.671613,23.5331 
0010385,265.169758,-53.672246,17.5055 
0010386,265.16947,-53.672295,19.0683 
0010387,265.169422,-53.67161,18.9832 
0010388,265.169141,-53.671376,17.8406 
0010389,265.169036,-53.672097,18.1269 
0010390,265.168841,-53.671283,18.0536 
0010391,265.168815,-53.672052,17.1978 
0010392,265.168685,-53.672458,18.5783 
0010393,265.168369,-53.671339,17.508 
0010394,265.168115,-53.671646,18.3096 
0010395,265.167944,-53.672208,18.8006 
0010396,265.167879,-53.671715,19.5128 
0010397,265.169763,-53.67161,19.5596 
0010398,265.169693,-53.672365,20.148 
0010399,265.169502,-53.671252,22.8427 
0010401,265.169491,-53.672457,19.9062 
0010404,265.16861,-53.671549,22.0838 
0010406,265.167845,-53.671488,20.0687 
0010407,265.164173,-53.672174,17.0897 
0010409,265.163407,-53.671295,18.1047 
0010410,265.16536,-53.671311,19.7772 
0010411,265.165245,-53.671545,22.1579 
0010412,265.164497,-53.672291,22.8858 
0010416,265.163724,-53.671572,21.0942 
0010417,265.163575,-53.671343,21.2513 
0010418,265.165051,-53.671347,23.4661 
0010420,265.180036,-53.671785,18.7281 
0010421,265.17997,-53.672001,17.4189 
0010422,265.179401,-53.672092,17.7444 
0010423,265.179007,-53.672028,17.1712 
0010424,265.180892,-53.671755,17.6715 
0010425,265.180612,-53.672141,18.1743 
0010426,265.180494,-53.671366,19.5214 
0010427,265.180394,-53.67164,19.9523 
0010428,265.180305,-53.672221,19.2553 
0010429,265.180226,-53.672109,16.9176 
0010430,265.180023,-53.672348,17.1785 
0010431,265.179825,-53.672225,17.5751 
0010433,265.179347,-53.672377,21.6832 
0010434,265.179098,-53.671773,19.6945 
0010435,265.181011,-53.672248,21.7467 
0010436,265.174265,-53.672352,17.3148 
0010437,265.174248,-53.671253,18.5814 
0010438,265.174185,-53.672295,17.7632 
0010439,265.173497,-53.67228,18.3096 
0010440,265.173363,-53.672105,18.075 
0010441,265.173336,-53.672231,18.6878 
0010442,265.174196,-53.672128,20.0795 
0010443,265.173899,-53.672401,19.6684 
0010444,265.173139,-53.671913,19.8987 
0010445,265.172472,-53.67221,21.8347 
0010446,265.173955,-53.672382,21.0067 
0010449,265.172628,-53.671842,23.8096 
0010451,265.172379,-53.672046,25.1887 
0010452,265.176433,-53.671224,17.4521 
0010454,265.176396,-53.672074,17.6518 
0010455,265.176247,-53.671618,17.8464 
0010456,265.176242,-53.672122,18.5785 
0010457,265.176106,-53.672365,18.387 
0010458,265.175944,-53.672329,19.046 
0010459,265.175578,-53.671352,17.4242 
0010460,265.174808,-53.671624,18.4093 
0010461,265.17458,-53.672465,16.9085 
0010462,265.176456,-53.672259,18.8821 
0010464,265.176319,-53.67154,21.6059 
0010465,265.176075,-53.671551,22.3092 
0010467,265.175731,-53.671401,20.562 
0010468,265.175512,-53.672222,19.7391 
0010469,265.175447,-53.672012,20.5181 
0010470,265.175429,-53.672452,19.5589 
0010471,265.175275,-53.671426,22.2247 
0010472,265.175258,-53.672306,20.2862 
0010473,265.175174,-53.671455,21.2891 
0010474,265.17496,-53.671999,21.4699 
0010475,265.174856,-53.672106,20.4754 
0010476,265.174759,-53.671251,21.4292 
0010477,265.174528,-53.672102,19.7378 
0010479,265.178682,-53.671356,17.9175 
0010480,265.178516,-53.67244,18.6253 
0010481,265.178356,-53.672278,18.7588 
0010482,265.17792,-53.671863,17.2968 
0010483,265.177849,-53.671987,17.6941 
0010484,265.177409,-53.672015,27.3054 
0010485,265.177284,-53.671305,18.3653 
0010486,265.176864,-53.671823,17.8603 
0010487,265.178657,-53.671336,19.4237 
0010488,265.178644,-53.672478,19.0593 
0010489,265.17863,-53.671628,20.0919 
0010491,265.178505,-53.671794,19.551 
0010492,265.177754,-53.672107,19.563 
0010493,265.177619,-53.671601,19.5313 
0010494,265.177577,-53.672067,18.7759 
0010495,265.177372,-53.67152,22.6254 
0010496,265.177097,-53.671644,17.3159 
0010498,265.17705,-53.671672,17.3428 
0010560,265.165171,-53.670695,17.7945 
0010561,265.164191,-53.670969,17.2621 
0010563,265.164236,-53.669907,20.4031 
0010723,265.16718,-53.670185,17.814 
0010724,265.166865,-53.671018,17.73 
0010725,265.165808,-53.671085,19.0362 
0010726,265.16759,-53.67028,23.429 
0010727,265.166551,-53.670401,19.7232 
0010779,265.163234,-53.670801,20.4311 
0010799,265.169807,-53.670287,18.745 
0010800,265.169724,-53.670998,18.7512 
0010801,265.169518,-53.670667,18.4022 
0010802,265.169146,-53.669974,18.2541 
0010803,265.168561,-53.669946,19.388 
0010804,265.168445,-53.670622,18.8878 
0010805,265.167898,-53.67022,18.7484 
0010806,265.167789,-53.670013,17.8522 
0010807,265.169404,-53.670834,22.8702 
0010808,265.168977,-53.670638,21.256 
0010809,265.168891,-53.670729,19.9019 
0010810,265.168854,-53.671087,20.2922 
0010811,265.16867,-53.670961,21.2506 
0010812,265.168137,-53.670855,21.9247 
0010813,265.168105,-53.670731,20.111 
0010814,265.168046,-53.670604,23.3558 
0010815,265.168465,-53.670871,23.433 
0010822,265.174164,-53.670807,18.7906 
0010823,265.174054,-53.670883,17.7562 
0010824,265.1736,-53.670218,18.7898 
0010825,265.173485,-53.670093,18.8237 
0010826,265.173086,-53.670799,18.0651 
0010827,265.172426,-53.670933,17.2964 
0010828,265.174365,-53.670243,20.6226 
0010829,265.174041,-53.671058,20.1866 
0010831,265.173883,-53.670841,19.7104 
0010832,265.173589,-53.670338,20.1263 
0010833,265.172966,-53.67019,19.3886 
0010834,265.17288,-53.669917,21.9597 
0010835,265.172639,-53.67009,20.8813 
0010836,265.172378,-53.670352,20.7928 
0010838,265.172326,-53.670523,21.9438 
0010841,265.172178,-53.671077,19.5329 
0010842,265.187683,-53.670249,23.746 
0010843,265.187311,-53.671116,19.4536 
0010844,265.187064,-53.670581,18.6888 
0010845,265.187015,-53.670027,17.6614 
0010846,265.186563,-53.670715,19.2876 
0010848,265.186482,-53.671155,23.5855 
0010849,265.1864,-53.670244,18.9687 
0010850,265.186286,-53.671117,20.4482 
0010851,265.186164,-53.670053,22.2459 
0010853,265.185604,-53.67095,19.1238 
0010854,265.176576,-53.670598,17.5213 
0010855,265.176336,-53.669969,17.9625 
0010857,265.175801,-53.670713,17.9755 
0010858,265.175333,-53.6704,18.5336 
0010859,265.174636,-53.670127,18.9984 
0010860,265.176485,-53.670577,20.4084 
0010861,265.176043,-53.671036,19.3873 
0010862,265.175898,-53.670604,19.2857 
0010863,265.175144,-53.6706,20.5457 
0010864,265.1751,-53.669909,21.8585 
0010867,265.174994,-53.670606,21.0987 
0010871,265.172075,-53.670768,17.2441 
0010872,265.171651,-53.670695,17.9315 
0010873,265.171592,-53.669996,17.3607 
0010874,265.171532,-53.670987,17.5574 
0010875,265.170458,-53.670064,17.934 
0010876,265.172007,-53.669978,18.9055 
0010877,265.171593,-53.670183,21.374 
0010878,265.171488,-53.669874,19.8773 
0010879,265.171009,-53.670471,20.0604 
0010880,265.170709,-53.670642,20.0943 
0010881,265.170206,-53.670899,19.8304 
0010882,265.1702,-53.670323,19.0246 
0010883,265.170984,-53.670386,24.599 
0010886,265.171009,-53.6707,23.1722 
0010887,265.17063,-53.670121,24.1903 
0010889,265.18851,-53.670308,18.6705 
0010890,265.188495,-53.670673,16.8465 
0010891,265.188168,-53.670583,-99.9999 
0010896,265.1832,-53.670429,17.024 
0010897,265.182423,-53.67108,17.2367 
0010898,265.182424,-53.670915,18.5817 
0010899,265.182127,-53.670997,18.0092 
0010900,265.181735,-53.670427,17.0183 
0010901,265.181336,-53.670068,16.9076 
0010904,265.182603,-53.670288,19.9181 
0010907,265.18177,-53.67004,19.5442 
0010909,265.18118,-53.670625,21.7699 
0010910,265.18107,-53.670349,23.0235 
0010911,265.185487,-53.670414,18.7759 
0010912,265.185413,-53.671103,19.3232 
0010914,265.184757,-53.66987,19.9456 
0010916,265.184607,-53.671032,21.1936 
0010918,265.184322,-53.670564,20.4873 
0010919,265.184197,-53.671096,23.5651 
0010920,265.184208,-53.671084,25.1337 
0010921,265.184156,-53.670519,21.4046 
0010923,265.183633,-53.669911,19.6157 
0010925,265.184061,-53.669957,23.8178 
0010927,265.183352,-53.670976,24.7238 
0010928,265.181027,-53.671018,17.5649 
0010929,265.180981,-53.670757,16.8437 
0010930,265.180909,-53.671073,18.0002 
0010931,265.180314,-53.670139,18.6707 
0010932,265.180306,-53.670479,18.0246 
0010933,265.180257,-53.670597,17.3504 
0010934,265.180005,-53.670153,17.9354 
0010935,265.179737,-53.670933,18.6299 
0010936,265.179535,-53.671001,18.6829 
0010937,265.179234,-53.670772,17.6099 
0010938,265.179001,-53.670429,18.8517 
0010939,265.178827,-53.670654,17.1747 
0010940,265.17882,-53.669902,17.3669 
0010941,265.181022,-53.669988,21.1216 
0010942,265.179986,-53.670352,22.5993 
0010944,265.17995,-53.670564,21.2728 
0010945,265.179813,-53.67078,19.6976 
0010946,265.179549,-53.670897,20.5772 
0010947,265.179196,-53.670323,19.3957 
0010949,265.180047,-53.670377,22.6536 
0010952,265.178626,-53.670936,17.4984 
0010953,265.177991,-53.670931,16.8194 
0010954,265.177837,-53.669963,18.1556 
0010955,265.177637,-53.670711,17.6896 
0010956,265.176858,-53.670727,17.4247 
0010958,265.178629,-53.670419,22.9326 
0010959,265.178207,-53.67001,23.2867 
0010961,265.177991,-53.670484,22.4426 
0010965,265.177308,-53.671168,20.0493 
0010966,265.176894,-53.670273,19.885 
0011134,265.165196,-53.669851,18.1015 
0011135,265.164724,-53.669541,17.1331 
0011136,265.163324,-53.668889,17.4845 
0011137,265.165431,-53.669518,20.5819 
0011138,265.165302,-53.669358,21.7885 
0011139,265.16466,-53.669024,22.7381 
0011141,265.164391,-53.669039,20.7626 
0011142,265.164328,-53.6698,20.4414 
0011143,265.164295,-53.669669,21.0715 
0011146,265.163781,-53.669854,20.5616 
0011147,265.163763,-53.669259,19.8983 
0011148,265.176463,-53.669138,17.4416 
0011149,265.176319,-53.669118,18.6576 
0011150,265.176122,-53.669409,17.635 
0011151,265.175757,-53.669703,19.5269 
0011152,265.175245,-53.669178,16.8807 
0011153,265.175119,-53.668677,18.433 
0011154,265.175027,-53.668625,25.8357 
0011155,265.174964,-53.669459,17.1935 
0011157,265.176086,-53.669211,23.2091 
0011158,265.17607,-53.668835,20.4534 
0011159,265.175956,-53.669452,19.6542 
0011160,265.175481,-53.66941,19.9584 
0011162,265.175321,-53.668862,19.4017 
0011163,265.175002,-53.66956,21.6254 
0011165,265.174444,-53.668934,18.7652 
0011167,265.175234,-53.669834,27.388 
0011168,265.167417,-53.669463,18.6997 
0011169,265.167327,-53.669193,18.5527 
0011170,265.16732,-53.669503,18.5495 
0011171,265.166798,-53.669747,18.8962 
0011172,265.166608,-53.668903,18.7403 
0011173,265.166411,-53.669336,17.0075 
0011174,265.166171,-53.669267,17.5245 
0011175,265.165995,-53.669017,19.3548 
0011176,265.167443,-53.669747,22.9022 
0011177,265.166989,-53.669861,22.1328 
0011297,265.171485,-53.66857,18.1852 
0011298,265.171193,-53.669008,17.862 
0011299,265.170473,-53.66935,18.2628 
0011300,265.170063,-53.668606,18.8623 
0011301,265.170008,-53.669263,18.3336 
0011302,265.170982,-53.669497,19.7706 
0011303,265.170948,-53.668568,23.1445 
0011304,265.170673,-53.669339,20.108 
0011308,265.170052,-53.669374,25.1604 
0011312,265.16953,-53.669447,17.9194 
0011313,265.169501,-53.668795,17.3719 
0011314,265.169328,-53.669405,18.4265 
0011315,265.168862,-53.669792,17.5515 
0011316,265.167955,-53.669217,17.4724 
0011317,265.167938,-53.668832,16.9892 
0011318,265.169183,-53.66963,20.9959 
0011319,265.169041,-53.669841,21.378 
0011320,265.168496,-53.669343,21.1365 
0011322,265.167762,-53.668835,23.5399 
0011323,265.173591,-53.668619,18.4649 
0011324,265.173431,-53.669415,19.4304 
0011325,265.173213,-53.668691,16.9819 
0011326,265.17276,-53.669586,19.4632 
0011327,265.172204,-53.669235,17.278 
0011328,265.17217,-53.66907,17.0201 
0011329,265.174209,-53.669312,23.1144 
0011330,265.174046,-53.669192,20.5203 
0011331,265.173678,-53.66973,20.6095 
0011332,265.173609,-53.668792,19.9662 
0011334,265.172985,-53.668624,23.5059 
0011335,265.172744,-53.669792,21.1694 
0011336,265.172744,-53.66898,19.4199 
0011337,265.172587,-53.668598,21.745 
0011338,265.172333,-53.668766,21.1951 
0011345,265.178461,-53.669371,17.3187 
0011346,265.177958,-53.668824,18.0138 
0011347,265.177759,-53.669016,18.5531 
0011348,265.177073,-53.669047,17.7189 
0011349,265.176916,-53.669479,18.2084 
0011350,265.176615,-53.668599,18.9108 
0011351,265.178712,-53.669585,21.2478 
0011352,265.178527,-53.669368,20.4415 
0011353,265.178167,-53.669426,20.905 
0011354,265.177809,-53.669357,21.8446 
0011355,265.177724,-53.668594,21.6783 
0011356,265.177697,-53.668766,19.2685 
0011358,265.177356,-53.668901,19.686 
0011360,265.176952,-53.668888,21.056 
0011363,265.176722,-53.669843,20.8735 
0011364,265.1766,-53.669615,23.0965 
0011367,265.181013,-53.669429,18.4543 
0011368,265.18034,-53.66862,17.4805 
0011369,265.18009,-53.669526,17.2823 
0011370,265.179625,-53.66969,17.3495 
0011372,265.179188,-53.668938,18.6365 
0011373,265.178943,-53.669289,18.1936 
0011374,265.180189,-53.669672,19.6964 
0011375,265.179971,-53.669504,20.1034 
0011376,265.179754,-53.669749,21.3089 
0011378,265.179695,-53.669162,19.9351 
0011379,265.17967,-53.668876,21.7943 
0011380,265.179447,-53.669177,20.5959 
0011381,265.179347,-53.669104,20.1097 
0011382,265.179322,-53.669481,19.2041 
0011384,265.179257,-53.669072,21.296 
0011385,265.179167,-53.66881,19.1756 
0011387,265.17886,-53.669066,19.7365 
0011396,265.18818,-53.669581,20.6041 
0011398,265.187735,-53.668775,21.0687 
0011404,265.182976,-53.669737,18.918 
0011405,265.182425,-53.668696,17.1152 
0011406,265.182202,-53.66943,17.979 
0011407,265.182105,-53.6691,17.2551 
0011408,265.18207,-53.669462,18.6661 
0011409,265.181972,-53.669228,17.373 
0011410,265.181848,-53.668704,17.674 
0011411,265.181806,-53.669051,16.9302 
0011412,265.181573,-53.669436,17.2621 
0011413,265.181109,-53.668725,16.9991 
0011414,265.183179,-53.669207,21.8881 
0011417,265.182632,-53.668889,22.961 
0011422,265.182955,-53.669741,20.2706 
0011437,265.186553,-53.6696,17.1711 
0011438,265.185992,-53.669166,17.5389 
0011439,265.185636,-53.669807,17.2404 
0011440,265.185619,-53.668957,18.8115 
0011442,265.187369,-53.66972,22.9828 
0011443,265.187347,-53.669524,20.695 
0011444,265.187301,-53.669809,21.3667 
0011446,265.187104,-53.669713,17.5036 
0011448,265.186861,-53.669094,20.1984 
0011449,265.186687,-53.668623,22.343 
0011450,265.185633,-53.668573,21.0225 
0011451,265.185535,-53.668748,19.6544 
0011453,265.185123,-53.669805,18.397 
0011454,265.184824,-53.668935,19.0669 
0011455,265.184693,-53.669332,17.8813 
0011456,265.184594,-53.669614,17.9886 
0011457,265.184138,-53.66863,16.9468 
0011458,265.183683,-53.668911,18.0277 
0011459,265.185469,-53.66968,19.3145 
0011460,265.185135,-53.669638,21.5268 
0011461,265.185082,-53.66898,20.9883 
0011462,265.185002,-53.669813,19.0516 
0011463,265.183998,-53.669766,21.7062 
0011464,265.183279,-53.668777,20.9004 
0011604,265.173056,-53.668119,17.2749 
0011605,265.172982,-53.667823,18.5705 
0011606,265.172431,-53.668309,17.6028 
0011607,265.172409,-53.667258,18.5087 
0011608,265.172239,-53.668313,19.0428 
0011609,265.173879,-53.66829,22.2701 
0011610,265.173636,-53.66786,19.3109 
0011612,265.172908,-53.667687,19.1897 
0011614,265.169588,-53.667857,18.3697 
0011615,265.169189,-53.668457,17.5347 
0011616,265.168841,-53.667581,18.3745 
0011617,265.16857,-53.667529,17.4144 
0011618,265.168055,-53.667337,19.449 
0011619,265.169838,-53.667516,21.7587 
0011621,265.169243,-53.667651,20.4481 
0011624,265.167715,-53.66754,20.2465 
0011626,265.168297,-53.667338,24.5619 
0011673,265.176398,-53.667684,17.4343 
0011675,265.175844,-53.667346,19.1924 
0011676,265.175273,-53.668549,17.6791 
0011677,265.175049,-53.668151,18.5093 
0011678,265.176325,-53.668043,20.3174 
0011679,265.175909,-53.667246,22.7288 
0011680,265.175514,-53.66724,20.6894 
0011681,265.175155,-53.668093,22.1412 
0011682,265.174939,-53.667527,21.6063 
0011683,265.174593,-53.668443,20.3019 
0011686,265.175347,-53.6678,21.2339 
0011687,265.165185,-53.667594,17.9423 
0011688,265.164248,-53.668484,18.1791 
0011689,265.164207,-53.667794,17.8797 
0011690,265.164071,-53.668045,18.8184 
0011691,265.163421,-53.668384,25.6295 
0011692,265.165096,-53.667598,21.2235 
0011693,265.16509,-53.668508,21.0683 
0011694,265.164866,-53.667763,20.274 
0011695,265.1637,-53.668077,21.8803 
0011734,265.167382,-53.66834,18.0404 
0011735,265.166161,-53.667958,17.9717 
0011736,265.166043,-53.668107,17.5964 
0011738,265.166903,-53.667914,19.4443 
0011739,265.166762,-53.668109,22.8817 
0011740,265.166698,-53.668283,20.0462 
0011741,265.166604,-53.668053,21.7287 
0011742,265.166547,-53.667651,20.493 
0011785,265.178643,-53.668447,16.9974 
0011786,265.178507,-53.668407,18.759 
0011787,265.178306,-53.668309,19.2608 
0011788,265.177995,-53.667614,18.3077 
0011789,265.177916,-53.667245,17.1305 
0011790,265.177172,-53.667586,17.3375 
0011791,265.176642,-53.667399,18.7343 
0011792,265.17662,-53.668501,17.0717 
0011794,265.178173,-53.668116,20.46 
0011795,265.178065,-53.668518,20.8245 
0011796,265.177691,-53.668534,21.626 
0011797,265.177255,-53.667355,20.8303 
0011799,265.17677,-53.667838,20.4514 
0011809,265.171734,-53.668151,17.011 
0011811,265.171144,-53.668345,18.3248 
0011812,265.170424,-53.668522,18.5825 
0011813,265.170402,-53.667614,17.8093 
0011814,265.170192,-53.667659,18.2205 
0011815,265.169986,-53.668197,17.9778 
0011817,265.171749,-53.667931,24.2232 
0011819,265.171667,-53.66739,19.8346 
0011821,265.170893,-53.668472,19.136 
0011822,265.170682,-53.668286,18.918 
0011826,265.170359,-53.668437,22.0765 
0011827,265.169988,-53.667667,19.2537 
0011828,265.17002,-53.667363,23.1027 
0011830,265.186538,-53.6675,18.6481 
0011831,265.186507,-53.668494,18.1429 
0011832,265.186252,-53.668482,17.2708 
0011833,265.186095,-53.668331,17.5259 
0011835,265.186785,-53.668044,19.1057 
0011836,265.185826,-53.66742,21.8707 
0011838,265.185195,-53.667757,17.4947 
0011839,265.184881,-53.668009,19.4674 
0011840,265.183604,-53.66734,18.0217 
0011841,265.18479,-53.66778,21.0735 
0011845,265.184089,-53.66837,23.3283 
0011846,265.183273,-53.668482,22.5135 
0011867,265.180626,-53.667491,18.8231 
0011868,265.179906,-53.667871,18.6919 
0011869,265.179076,-53.668198,18.3359 
0011870,265.179035,-53.667656,18.0261 
0011871,265.178846,-53.668446,18.1178 
0011872,265.180628,-53.668355,19.7802 
0011873,265.180058,-53.667531,18.9929 
0011874,265.179735,-53.668145,20.3436 
0011875,265.179116,-53.667916,19.2448 
0011876,265.178829,-53.667639,21.0096 
0011877,265.179176,-53.668472,23.7255 
0011878,265.182581,-53.668462,18.0678 
0011879,265.182488,-53.667258,18.5459 
0011880,265.18245,-53.668276,17.3857 
0011881,265.182241,-53.668141,18.3088 
0011882,265.181694,-53.667901,19.1646 
0011883,265.181347,-53.667551,18.4048 
0011885,265.182894,-53.668084,21.008 
0011886,265.182658,-53.668435,19.6949 
0011887,265.182656,-53.667906,21.9706 
0011888,265.18227,-53.668006,22.4904 
0011889,265.182013,-53.66762,21.3187 
0011890,265.181817,-53.667833,22.7619 
0012076,265.176317,-53.667193,17.1246 
0012077,265.175621,-53.666002,17.7942 
0012078,265.175438,-53.666525,17.7695 
0012079,265.175435,-53.665942,17.32 
0012080,265.174783,-53.665929,18.6946 
0012081,265.176346,-53.666385,20.6126 
0012082,265.175829,-53.667188,22.7141 
0012083,265.175511,-53.666811,20.7599 
0012084,265.17538,-53.666921,19.9559 
0012085,265.175353,-53.666478,19.681 
0012086,265.174924,-53.666008,20.5756 
0012088,265.17569,-53.667068,23.4864 
0012126,265.17054,-53.665932,17.6764 
0012127,265.170168,-53.667217,16.9214 
0012128,265.170169,-53.66629,16.8332 
0012129,265.171322,-53.666289,20.9204 
0012130,265.171273,-53.666797,20.859 
0012131,265.171129,-53.666314,21.2064 
0012132,265.170983,-53.666765,21.9613 
0012162,265.173924,-53.6661,19.0265 
0012163,265.17379,-53.667139,18.8022 
0012164,265.173367,-53.666218,17.7779 
0012165,265.173212,-53.666296,17.1524 
0012166,265.172699,-53.666378,18.8781 
0012168,265.17385,-53.666642,19.1914 
0012170,265.172901,-53.666468,23.3628 
0012171,265.172876,-53.66698,21.1211 
0012172,265.172739,-53.667018,21.7398 
0012174,265.172372,-53.666327,20.4574 
0012175,265.173865,-53.666688,19.9144 
0012177,265.172699,-53.666111,23.8401 
0012178,265.165319,-53.666835,18.9594 
0012179,265.165229,-53.666792,17.7331 
0012185,265.168778,-53.666597,17.257 
0012186,265.168502,-53.666774,17.6695 
0012187,265.168117,-53.666708,19.0022 
0012188,265.169928,-53.666879,22.3383 
0012190,265.168468,-53.667085,19.8214 
0012192,265.177879,-53.666815,18.9336 
0012193,265.176765,-53.666819,18.3572 
0012194,265.177513,-53.666442,19.0604 
0012195,265.176987,-53.66705,20.4313 
0012196,265.176952,-53.666875,20.2754 
0012198,265.181004,-53.666861,18.2159 
0012199,265.180775,-53.666861,18.8055 
0012200,265.180716,-53.666613,18.2955 
0012201,265.180531,-53.665956,18.2598 
0012202,265.180517,-53.666066,17.4053 
0012203,265.180414,-53.666286,17.4713 
0012205,265.179281,-53.66598,17.4002 
0012206,265.180655,-53.666052,20.7443 
0012207,265.180329,-53.667127,18.4592 
0012208,265.180288,-53.666408,21.8696 
0012209,265.180125,-53.666975,22.6609 
0012210,265.179903,-53.666376,20.5469 
0012213,265.178918,-53.666901,19.8737 
0012215,265.166884,-53.667082,17.2899 
0012220,265.167107,-53.667218,22.2205 
0012223,265.167402,-53.666706,23.5475 
0012224,265.182823,-53.666926,17.4542 
0012225,265.182711,-53.666817,18.0342 
0012226,265.182504,-53.666414,18.8138 
0012227,265.181731,-53.666494,24.9126 
0012228,265.181268,-53.666296,18.7471 
0012229,265.18322,-53.666538,19.727 
0012230,265.182908,-53.666461,20.5755 
0012232,265.182492,-53.66691,19.1115 
0012233,265.18211,-53.666094,19.7309 
0012234,265.181894,-53.667025,21.8589 
0012235,265.181817,-53.665921,20.0606 
0012236,265.181724,-53.667214,19.201 
0012238,265.181117,-53.666142,19.7935 
0012301,265.184648,-53.667149,19.1357 
0012302,265.184535,-53.666359,17.1702 
0012303,265.184527,-53.666933,17.5611 
0012304,265.184119,-53.666347,18.3408 
0012305,265.183448,-53.666238,18.4699 
0012307,265.185113,-53.667113,24.0168 
0012309,265.184731,-53.666642,21.1225 
0012310,265.18454,-53.666265,21.9335 
0012312,265.18369,-53.666142,20.0717 
0012313,265.183661,-53.666268,19.8784 
0012314,265.183586,-53.666341,20.1183 
0012461,265.180687,-53.664788,18.4534 
0012462,265.180729,-53.664832,19.65 
0012463,265.180544,-53.66507,19.5342 
0012464,265.179726,-53.665182,20.6636 
0012467,265.179149,-53.664846,19.4745 
0012468,265.17885,-53.665482,21.5001 
0012512,265.178515,-53.665526,17.2079 
0012513,265.177084,-53.665344,18.1808 
0012514,265.176901,-53.665508,18.0492 
0012515,265.176892,-53.665919,17.6798 
0012516,265.178783,-53.665827,20.7538 
0012517,265.178316,-53.664917,21.9741 
0012518,265.178199,-53.665158,20.8622 
0012519,265.177618,-53.66535,19.9164 
0012522,265.176702,-53.664946,21.1078 
0012523,265.176646,-53.665011,21.5226 
0012524,265.177767,-53.665336,23.2881 
0012542,265.171671,-53.664837,18.4356 
0012543,265.171668,-53.664984,18.133 
0012544,265.171293,-53.664762,16.929 
0012545,265.170942,-53.664664,18.2829 
0012546,265.170703,-53.664685,17.4868 
0012547,265.17032,-53.665124,17.1656 
0012548,265.17027,-53.665224,17.7917 
0012549,265.170256,-53.664996,18.3772 
0012550,265.170033,-53.665839,18.8022 
0012551,265.169997,-53.665913,17.5686 
0012553,265.172096,-53.66583,22.7949 
0012554,265.17205,-53.665294,19.3626 
0012555,265.171632,-53.664625,19.4007 
0012556,265.170872,-53.665423,19.5625 
0012558,265.17041,-53.664825,21.2103 
0012559,265.1702,-53.665717,21.2075 
0012560,265.1718,-53.664895,25.0994 
0012561,265.170067,-53.665246,24.2307 
0012580,265.176366,-53.665111,17.6147 
0012581,265.176187,-53.665625,18.9298 
0012582,265.175775,-53.665906,16.9534 
0012583,265.175516,-53.664815,17.5087 
0012584,265.175073,-53.665117,19.1274 
0012585,265.174752,-53.664905,18.9854 
0012586,265.174501,-53.66528,17.5173 
0012587,265.176431,-53.665236,22.1538 
0012588,265.176388,-53.665742,20.509 
0012589,265.175946,-53.665474,19.9591 
0012591,265.175643,-53.665297,22.3781 
0012592,265.175407,-53.664621,22.7691 
0012593,265.175367,-53.665745,19.6777 
0012594,265.169328,-53.665414,18.4884 
0012596,265.16888,-53.665849,17.3906 
0012597,265.168299,-53.665832,17.7037 
0012598,265.169434,-53.665416,21.6037 
0012599,265.169384,-53.665897,24.1602 
0012600,265.169287,-53.665065,19.7505 
0012626,265.17419,-53.665499,17.2159 
0012627,265.174059,-53.665703,17.9264 
0012628,265.173871,-53.664884,17.0261 
0012629,265.173711,-53.664842,18.9173 
0012630,265.172634,-53.66582,17.2233 
0012631,265.173737,-53.664797,20.3056 
0012632,265.173724,-53.665641,20.4146 
0012633,265.172899,-53.664673,20.8282 
0012634,265.172716,-53.665126,21.6427 
0012636,265.172314,-53.665003,20.4721 
0012637,265.172882,-53.665501,23.2308 
0012719,265.182924,-53.665444,17.1646 
0012720,265.181431,-53.665372,16.9838 
0012725,265.181651,-53.665801,20.5646 
0012914,265.178717,-53.664375,18.4759 
0012919,265.176606,-53.664585,18.0107 
0012920,265.178634,-53.664419,18.6418 
0012921,265.178317,-53.664449,22.1186 
0012922,265.177448,-53.664298,19.9135 
0012925,265.178641,-53.664449,18.7531 
0012936,265.174401,-53.664371,17.5113 
0012937,265.176016,-53.664276,18.9328 
0012938,265.17552,-53.664164,21.9398 
0012940,265.17513,-53.664521,22.5908 
0012943,265.17452,-53.664078,21.1421 
0012977,265.172061,-53.664522,18.4199 
0012980,265.171712,-53.664406,20.1711 
0013052,265.178962,-53.664543,19.3738 
0013064,265.174344,-53.664478,18.5323 
0013066,265.173628,-53.664376,18.6694 
0013067,265.172739,-53.664348,18.6883 
